{"cameraMode":{"drawMode":0,"name":"Shaded","section":"Shading Mode"},"sceneLighting":true,"audioPlay":false,"sceneViewState":{"m_AlwaysRefresh":false,"showFog":true,"showSkybox":true,"showFlares":true,"showImageEffects":true,"showParticleSystems":true,"showVisualEffectGraphs":true,"m_FxEnabled":true},"in2DMode":false,"pivot":{"x":-9.669088363647461,"y":-10.45101547241211,"z":17.180816650390626},"rotation":{"x":-0.21482527256011964,"y":0.26758861541748049,"z":-0.061331555247306827,"w":-0.9372786283493042},"size":18.292070388793947,"orthographic":false}